KernelScale,BoxConstraint,Accuracy,Recall,Precision,Specificity,F1
0.1,0.1,0.520562207183758,0,NaN,1,NaN
0.1,1,0.590317542946382,0.149619978284473,0.97316384180791,0.9962,0.259363824581216
0.1,10,0.608120770432067,0.18957654723127,0.964640883977901,0.9936,0.316878402903811
0.1,100,0.608120770432067,0.18957654723127,0.964640883977901,0.9936,0.316878402903811
0.3,0.1,0.813846954711088,0.688816503800217,0.899347887723278,0.929,0.780127889818003
0.3,1,0.83237896928683,0.760477741585233,0.873534547268646,0.8986,0.813094961690272
0.3,10,0.824466423737637,0.758957654723127,0.858511422254974,0.8848,0.80567081604426
0.3,100,0.824154086413326,0.757871878393051,0.858759842519685,0.8852,0.805167839427846
0.66,0.1,0.834148880791255,0.765472312703583,0.87295690936107,0.8974,0.815688996876085
0.66,1,0.859344091618948,0.847991313789359,0.857111501316945,0.8698,0.852527016701234
0.66,10,0.847891723060906,0.835613463626493,0.845342706502636,0.8592,0.840449929016053
0.66,100,0.824882873503384,0.809554831704669,0.822413412750938,0.839,0.815933464653097
1,0.1,0.841644976574701,0.813680781758958,0.849659863945578,0.8674,0.831281198003328
1,1,0.859552316501822,0.856026058631922,0.851771823681936,0.8628,0.853893642369761
1,10,0.858927641853201,0.861237785016287,0.847073900042717,0.8568,0.85409712501346
1,100,0.843206663196252,0.841693811074919,0.833010960670535,0.8446,0.837329876863253
2,0.1,0.840916189484643,0.839087947882736,0.830789077617717,0.8426,0.834917891097666
2,1,0.852785007808433,0.860586319218241,0.836958817317846,0.8456,0.848608137044968
2,10,0.857470067673087,0.865798045602606,0.841494301392993,0.8498,0.853473188483357
2,100,0.856533055700156,0.866232356134636,0.839612713113029,0.8476,0.852714835399744
5,0.1,0.826132222800625,0.817155266015201,0.819647135700283,0.8344,0.818399304045237
5,1,0.840291514836023,0.846688382193268,0.824836048233552,0.8344,0.835619374196314
5,10,0.847475273295159,0.863843648208469,0.825996677740864,0.8324,0.844496337968369
5,100,0.85288912024987,0.868403908794788,0.832084893882647,0.8386,0.849856550844756
10,0.1,0.809161894846434,0.80043431053203,0.801304347826087,0.8172,0.800869092884302
10,1,0.830088495575221,0.828881650380022,0.818922977901738,0.8312,0.823872221023095
10,10,0.837064029151484,0.842562432138979,0.822033898305085,0.832,0.832171581769437
10,100,0.84487246225924,0.861020629750271,0.823468328141225,0.83,0.841825902335457
