K,Distance,Weight,Accuracy,Recall,Precision,Specificity,F1
1,euclidean,equal,0.823841749089016,0.808034744842562,0.821594170898653,0.8384,0.814758046857894
3,euclidean,equal,0.844039562727746,0.831704668838219,0.841203602020646,0.8554,0.836427167503822
5,euclidean,equal,0.850910983862572,0.840825190010858,0.847079413695034,0.8602,0.843940714908457
10,euclidean,equal,0.852160333159813,0.816503800217155,0.867358708189158,0.885,0.841163310961969
15,euclidean,equal,0.851119208745445,0.841259500542888,0.847146293461623,0.8602,0.844192634560907
25,euclidean,equal,0.851119208745445,0.844951140065147,0.844584328196223,0.8568,0.844767694311767
50,euclidean,equal,0.846017699115044,0.834527687296417,0.842763157894737,0.8566,0.838625204582652
1,euclidean,inverse,0.823841749089016,0.808034744842562,0.821594170898653,0.8384,0.814758046857894
3,euclidean,inverse,0.845601249349297,0.834093376764387,0.842324561403509,0.8562,0.838188761593017
5,euclidean,inverse,0.852056220718376,0.841042345276873,0.848969750109601,0.8622,0.844987455001636
10,euclidean,inverse,0.857990629880271,0.847122692725299,0.855294891471169,0.868,0.85118917739472
15,euclidean,inverse,0.855596043727225,0.846471226927253,0.851463521188292,0.864,0.848960034847
25,euclidean,inverse,0.855804268610099,0.852117263843648,0.847882454624028,0.8592,0.849994584642045
50,euclidean,inverse,0.851743883394066,0.845819761129207,0.845085701887611,0.8572,0.845452572172781
1,euclidean,squaredinverse,0.823841749089016,0.808034744842562,0.821594170898653,0.8384,0.814758046857894
3,euclidean,squaredinverse,0.841644976574701,0.828664495114007,0.839050131926121,0.8536,0.833824975417896
5,euclidean,squaredinverse,0.850390421655388,0.839305103148751,0.847216133274879,0.8606,0.843242063924948
10,euclidean,squaredinverse,0.859344091618948,0.849511400651466,0.85601750547046,0.8684,0.85275204359673
15,euclidean,squaredinverse,0.858615304528891,0.849728555917481,0.854553395937978,0.8668,0.852134146341463
25,euclidean,squaredinverse,0.859239979177512,0.853637350705755,0.852896506834454,0.8644,0.853266767961797
50,euclidean,squaredinverse,0.857782404997397,0.853203040173724,0.850617016670275,0.862,0.851908065915004
1,cityblock,equal,0.820301926080167,0.80542888165038,0.81714033928178,0.834,0.811242344706912
3,cityblock,equal,0.839666840187402,0.827795874049946,0.836148278131169,0.8506,0.831951113051069
5,cityblock,equal,0.847475273295159,0.836482084690554,0.843996494303243,0.8576,0.840222488821027
10,cityblock,equal,0.849557522123894,0.814115092290988,0.864223144306132,0.8822,0.838421111483842
15,cityblock,equal,0.850910983862572,0.844951140065147,0.844217834671295,0.8564,0.844584328196223
25,cityblock,equal,0.848828735033836,0.844733984799131,0.840717527555652,0.8526,0.842720970537262
50,cityblock,equal,0.8487246225924,0.84343105320304,0.841421143847487,0.8536,0.8424248996855
1,cityblock,inverse,0.820301926080167,0.80542888165038,0.81714033928178,0.834,0.811242344706912
3,cityblock,inverse,0.841228526808954,0.829533116178067,0.837719298245614,0.852,0.833606110201855
5,cityblock,inverse,0.849661634565331,0.838653637350706,0.846373000219154,0.8598,0.842495636998255
10,cityblock,inverse,0.85288912024987,0.843213897937025,0.84892872759073,0.8618,0.846061662490467
15,cityblock,inverse,0.855596043727225,0.849728555917481,0.849175347222222,0.861,0.849451861500054
25,cityblock,inverse,0.852993232691307,0.850162866449511,0.844295880957516,0.8556,0.847219216619779
50,cityblock,inverse,0.852785007808433,0.850597176981542,0.843635580443679,0.8548,0.847102076124567
1,cityblock,squaredinverse,0.820301926080167,0.80542888165038,0.81714033928178,0.834,0.811242344706912
3,cityblock,squaredinverse,0.838313378448725,0.825190010857763,0.835532102022867,0.8504,0.830328853927674
5,cityblock,squaredinverse,0.847371160853722,0.835396308360478,0.844566410537871,0.8584,0.839956331877729
10,cityblock,squaredinverse,0.854034357105674,0.845385450597177,0.849443595897883,0.862,0.847409664780148
15,cityblock,squaredinverse,0.858823529411765,0.853637350705755,0.852156947756341,0.8636,0.852896506834454
25,cityblock,squaredinverse,0.858094742321707,0.855374592833876,0.849654874892148,0.8606,0.852505140136349
50,cityblock,squaredinverse,0.857157730348777,0.855591748099891,0.847858833656122,0.8586,0.851707738867272
1,cosine,equal,0.819156689224362,0.798045602605863,0.819946452476573,0.8386,0.808847804555959
3,cosine,equal,0.831025507548152,0.81085776330076,0.832367365135979,0.8496,0.821471785282147
5,cosine,equal,0.840603852160333,0.82171552660152,0.842011570983534,0.858,0.831739751621057
10,cosine,equal,0.839354502863092,0.789793702497286,0.863485280151947,0.885,0.824997164568447
15,cosine,equal,0.846017699115044,0.822366992399566,0.851393884892086,0.8678,0.836628741853529
25,cosine,equal,0.843935450286309,0.819978284473398,0.849302744039586,0.866,0.834382941111479
50,cosine,equal,0.842686100989068,0.813897937024973,0.851431167651068,0.8692,0.832241589874542
1,cosine,inverse,0.819156689224362,0.798045602605863,0.819946452476573,0.8386,0.808847804555959
3,cosine,inverse,0.831337844872462,0.813246471226927,0.831298557158713,0.848,0.822173435784852
5,cosine,inverse,0.841644976574701,0.821498371335505,0.844042838018742,0.8602,0.832618025751073
10,cosine,inverse,0.847371160853722,0.826927252985885,0.850569577842305,0.8662,0.83858181017397
15,cosine,inverse,0.848932847475273,0.827361563517915,0.853112404836543,0.8688,0.840039686914342
25,cosine,inverse,0.850286309213951,0.829098805646037,0.854329827701947,0.8698,0.84152523694071
50,cosine,inverse,0.850390421655388,0.825841476655809,0.856917530419108,0.873,0.841092557779498
1,cosine,squaredinverse,0.819156689224362,0.798045602605863,0.819946452476573,0.8386,0.808847804555959
3,cosine,squaredinverse,0.826028110359188,0.808686210640608,0.824988923349579,0.842,0.816756223270095
5,cosine,squaredinverse,0.833628318584071,0.814332247557003,0.834631649232139,0.8514,0.8243570015388
10,cosine,squaredinverse,0.840187402394586,0.819761129207383,0.842633928571429,0.859,0.831040176114474
15,cosine,squaredinverse,0.841749089016137,0.82171552660152,0.844077626589337,0.8602,0.832746478873239
25,cosine,squaredinverse,0.844247787610619,0.82171552660152,0.848620766988114,0.865,0.83495145631068
50,cosine,squaredinverse,0.849869859448204,0.827795874049946,0.8545169244564,0.8702,0.840944187072579
